date_id,full_date,year,month,month_name,day,quarter,day_name,is_weekend,is_holiday
1,2023-01-01,2023,1,January,1,1,Sunday,1,0
2,2023-01-02,2023,1,January,2,1,Monday,0,0
3,2023-01-03,2023,1,January,3,1,Tuesday,0,0
4,2023-01-04,2023,1,January,4,1,Wednesday,0,0
5,2023-01-05,2023,1,January,5,1,Thursday,0,0
6,2023-01-06,2023,1,January,6,1,Friday,0,0
7,2023-01-07,2023,1,January,7,1,Saturday,1,0
8,2023-01-08,2023,1,January,8,1,Sunday,1,0
9,2023-01-09,2023,1,January,9,1,Monday,0,0
10,2023-01-10,2023,1,January,10,1,Tuesday,0,0
11,2023-01-11,2023,1,January,11,1,Wednesday,0,0
12,2023-01-12,2023,1,January,12,1,Thursday,0,0
13,2023-01-13,2023,1,January,13,1,Friday,0,0
14,2023-01-14,2023,1,January,14,1,Saturday,1,0
15,2023-01-15,2023,1,January,15,1,Sunday,1,0
16,2023-01-16,2023,1,January,16,1,Monday,0,0
17,2023-01-17,2023,1,January,17,1,Tuesday,0,0
18,2023-01-18,2023,1,January,18,1,Wednesday,0,0
19,2023-01-19,2023,1,January,19,1,Thursday,0,0
20,2023-01-20,2023,1,January,20,1,Friday,0,0
21,2023-01-21,2023,1,January,21,1,Saturday,1,0
22,2023-01-22,2023,1,January,22,1,Sunday,1,0
23,2023-01-23,2023,1,January,23,1,Monday,0,0
24,2023-01-24,2023,1,January,24,1,Tuesday,0,0
25,2023-01-25,2023,1,January,25,1,Wednesday,0,0
26,2023-01-26,2023,1,January,26,1,Thursday,0,0
27,2023-01-27,2023,1,January,27,1,Friday,0,0
28,2023-01-28,2023,1,January,28,1,Saturday,1,0
29,2023-01-29,2023,1,January,29,1,Sunday,1,0
30,2023-01-30,2023,1,January,30,1,Monday,0,0
31,2023-01-31,2023,1,January,31,1,Tuesday,0,0
32,2023-02-01,2023,2,February,1,1,Wednesday,0,0
33,2023-02-02,2023,2,February,2,1,Thursday,0,0
34,2023-02-03,2023,2,February,3,1,Friday,0,0
35,2023-02-04,2023,2,February,4,1,Saturday,1,0
36,2023-02-05,2023,2,February,5,1,Sunday,1,0
37,2023-02-06,2023,2,February,6,1,Monday,0,0
38,2023-02-07,2023,2,February,7,1,Tuesday,0,0
39,2023-02-08,2023,2,February,8,1,Wednesday,0,0
40,2023-02-09,2023,2,February,9,1,Thursday,0,0
41,2023-02-10,2023,2,February,10,1,Friday,0,0
42,2023-02-11,2023,2,February,11,1,Saturday,1,0
43,2023-02-12,2023,2,February,12,1,Sunday,1,0
44,2023-02-13,2023,2,February,13,1,Monday,0,0
45,2023-02-14,2023,2,February,14,1,Tuesday,0,0
46,2023-02-15,2023,2,February,15,1,Wednesday,0,0
47,2023-02-16,2023,2,February,16,1,Thursday,0,0
48,2023-02-17,2023,2,February,17,1,Friday,0,0
49,2023-02-18,2023,2,February,18,1,Saturday,1,0
50,2023-02-19,2023,2,February,19,1,Sunday,1,0
51,2023-02-20,2023,2,February,20,1,Monday,0,0
52,2023-02-21,2023,2,February,21,1,Tuesday,0,0
53,2023-02-22,2023,2,February,22,1,Wednesday,0,0
54,2023-02-23,2023,2,February,23,1,Thursday,0,0
55,2023-02-24,2023,2,February,24,1,Friday,0,0
56,2023-02-25,2023,2,February,25,1,Saturday,1,0
57,2023-02-26,2023,2,February,26,1,Sunday,1,0
58,2023-02-27,2023,2,February,27,1,Monday,0,0
59,2023-02-28,2023,2,February,28,1,Tuesday,0,0
60,2023-03-01,2023,3,March,1,1,Wednesday,0,0
61,2023-03-02,2023,3,March,2,1,Thursday,0,0
62,2023-03-03,2023,3,March,3,1,Friday,0,0
63,2023-03-04,2023,3,March,4,1,Saturday,1,0
64,2023-03-05,2023,3,March,5,1,Sunday,1,0
65,2023-03-06,2023,3,March,6,1,Monday,0,0
66,2023-03-07,2023,3,March,7,1,Tuesday,0,0
67,2023-03-08,2023,3,March,8,1,Wednesday,0,0
68,2023-03-09,2023,3,March,9,1,Thursday,0,0
69,2023-03-10,2023,3,March,10,1,Friday,0,0
70,2023-03-11,2023,3,March,11,1,Saturday,1,0
71,2023-03-12,2023,3,March,12,1,Sunday,1,0
72,2023-03-13,2023,3,March,13,1,Monday,0,0
73,2023-03-14,2023,3,March,14,1,Tuesday,0,0
74,2023-03-15,2023,3,March,15,1,Wednesday,0,0
75,2023-03-16,2023,3,March,16,1,Thursday,0,0
76,2023-03-17,2023,3,March,17,1,Friday,0,0
77,2023-03-18,2023,3,March,18,1,Saturday,1,0
78,2023-03-19,2023,3,March,19,1,Sunday,1,0
79,2023-03-20,2023,3,March,20,1,Monday,0,0
80,2023-03-21,2023,3,March,21,1,Tuesday,0,0
81,2023-03-22,2023,3,March,22,1,Wednesday,0,0
82,2023-03-23,2023,3,March,23,1,Thursday,0,0
83,2023-03-24,2023,3,March,24,1,Friday,0,0
84,2023-03-25,2023,3,March,25,1,Saturday,1,0
85,2023-03-26,2023,3,March,26,1,Sunday,1,0
86,2023-03-27,2023,3,March,27,1,Monday,0,0
87,2023-03-28,2023,3,March,28,1,Tuesday,0,0
88,2023-03-29,2023,3,March,29,1,Wednesday,0,0
89,2023-03-30,2023,3,March,30,1,Thursday,0,0
90,2023-03-31,2023,3,March,31,1,Friday,0,0
91,2023-04-01,2023,4,April,1,2,Saturday,1,0
92,2023-04-02,2023,4,April,2,2,Sunday,1,0
93,2023-04-03,2023,4,April,3,2,Monday,0,0
94,2023-04-04,2023,4,April,4,2,Tuesday,0,0
95,2023-04-05,2023,4,April,5,2,Wednesday,0,0
96,2023-04-06,2023,4,April,6,2,Thursday,0,0
97,2023-04-07,2023,4,April,7,2,Friday,0,0
98,2023-04-08,2023,4,April,8,2,Saturday,1,0
99,2023-04-09,2023,4,April,9,2,Sunday,1,0
100,2023-04-10,2023,4,April,10,2,Monday,0,0
101,2023-04-11,2023,4,April,11,2,Tuesday,0,0
102,2023-04-12,2023,4,April,12,2,Wednesday,0,0
103,2023-04-13,2023,4,April,13,2,Thursday,0,0
104,2023-04-14,2023,4,April,14,2,Friday,0,0
105,2023-04-15,2023,4,April,15,2,Saturday,1,0
106,2023-04-16,2023,4,April,16,2,Sunday,1,0
107,2023-04-17,2023,4,April,17,2,Monday,0,0
108,2023-04-18,2023,4,April,18,2,Tuesday,0,0
109,2023-04-19,2023,4,April,19,2,Wednesday,0,0
110,2023-04-20,2023,4,April,20,2,Thursday,0,0
111,2023-04-21,2023,4,April,21,2,Friday,0,0
112,2023-04-22,2023,4,April,22,2,Saturday,1,0
113,2023-04-23,2023,4,April,23,2,Sunday,1,0
114,2023-04-24,2023,4,April,24,2,Monday,0,0
115,2023-04-25,2023,4,April,25,2,Tuesday,0,0
116,2023-04-26,2023,4,April,26,2,Wednesday,0,0
117,2023-04-27,2023,4,April,27,2,Thursday,0,0
118,2023-04-28,2023,4,April,28,2,Friday,0,0
119,2023-04-29,2023,4,April,29,2,Saturday,1,0
120,2023-04-30,2023,4,April,30,2,Sunday,1,0
121,2023-05-01,2023,5,May,1,2,Monday,0,0
122,2023-05-02,2023,5,May,2,2,Tuesday,0,0
123,2023-05-03,2023,5,May,3,2,Wednesday,0,0
124,2023-05-04,2023,5,May,4,2,Thursday,0,0
125,2023-05-05,2023,5,May,5,2,Friday,0,0
126,2023-05-06,2023,5,May,6,2,Saturday,1,0
127,2023-05-07,2023,5,May,7,2,Sunday,1,0
128,2023-05-08,2023,5,May,8,2,Monday,0,0
129,2023-05-09,2023,5,May,9,2,Tuesday,0,0
130,2023-05-10,2023,5,May,10,2,Wednesday,0,0
131,2023-05-11,2023,5,May,11,2,Thursday,0,0
132,2023-05-12,2023,5,May,12,2,Friday,0,0
133,2023-05-13,2023,5,May,13,2,Saturday,1,0
134,2023-05-14,2023,5,May,14,2,Sunday,1,0
135,2023-05-15,2023,5,May,15,2,Monday,0,0
136,2023-05-16,2023,5,May,16,2,Tuesday,0,0
137,2023-05-17,2023,5,May,17,2,Wednesday,0,0
138,2023-05-18,2023,5,May,18,2,Thursday,0,0
139,2023-05-19,2023,5,May,19,2,Friday,0,0
140,2023-05-20,2023,5,May,20,2,Saturday,1,0
141,2023-05-21,2023,5,May,21,2,Sunday,1,0
142,2023-05-22,2023,5,May,22,2,Monday,0,0
143,2023-05-23,2023,5,May,23,2,Tuesday,0,0
144,2023-05-24,2023,5,May,24,2,Wednesday,0,0
145,2023-05-25,2023,5,May,25,2,Thursday,0,0
146,2023-05-26,2023,5,May,26,2,Friday,0,0
147,2023-05-27,2023,5,May,27,2,Saturday,1,0
148,2023-05-28,2023,5,May,28,2,Sunday,1,0
149,2023-05-29,2023,5,May,29,2,Monday,0,0
150,2023-05-30,2023,5,May,30,2,Tuesday,0,0
151,2023-05-31,2023,5,May,31,2,Wednesday,0,0
152,2023-06-01,2023,6,June,1,2,Thursday,0,0
153,2023-06-02,2023,6,June,2,2,Friday,0,0
154,2023-06-03,2023,6,June,3,2,Saturday,1,0
155,2023-06-04,2023,6,June,4,2,Sunday,1,0
156,2023-06-05,2023,6,June,5,2,Monday,0,0
157,2023-06-06,2023,6,June,6,2,Tuesday,0,0
158,2023-06-07,2023,6,June,7,2,Wednesday,0,0
159,2023-06-08,2023,6,June,8,2,Thursday,0,0
160,2023-06-09,2023,6,June,9,2,Friday,0,0
161,2023-06-10,2023,6,June,10,2,Saturday,1,0
162,2023-06-11,2023,6,June,11,2,Sunday,1,0
163,2023-06-12,2023,6,June,12,2,Monday,0,0
164,2023-06-13,2023,6,June,13,2,Tuesday,0,0
165,2023-06-14,2023,6,June,14,2,Wednesday,0,0
166,2023-06-15,2023,6,June,15,2,Thursday,0,0
167,2023-06-16,2023,6,June,16,2,Friday,0,0
168,2023-06-17,2023,6,June,17,2,Saturday,1,0
169,2023-06-18,2023,6,June,18,2,Sunday,1,0
170,2023-06-19,2023,6,June,19,2,Monday,0,0
171,2023-06-20,2023,6,June,20,2,Tuesday,0,0
172,2023-06-21,2023,6,June,21,2,Wednesday,0,0
173,2023-06-22,2023,6,June,22,2,Thursday,0,0
174,2023-06-23,2023,6,June,23,2,Friday,0,0
175,2023-06-24,2023,6,June,24,2,Saturday,1,0
176,2023-06-25,2023,6,June,25,2,Sunday,1,0
177,2023-06-26,2023,6,June,26,2,Monday,0,0
178,2023-06-27,2023,6,June,27,2,Tuesday,0,0
179,2023-06-28,2023,6,June,28,2,Wednesday,0,0
180,2023-06-29,2023,6,June,29,2,Thursday,0,0
181,2023-06-30,2023,6,June,30,2,Friday,0,0
182,2023-07-01,2023,7,July,1,3,Saturday,1,0
183,2023-07-02,2023,7,July,2,3,Sunday,1,0
184,2023-07-03,2023,7,July,3,3,Monday,0,0
185,2023-07-04,2023,7,July,4,3,Tuesday,0,0
186,2023-07-05,2023,7,July,5,3,Wednesday,0,0
187,2023-07-06,2023,7,July,6,3,Thursday,0,0
188,2023-07-07,2023,7,July,7,3,Friday,0,0
189,2023-07-08,2023,7,July,8,3,Saturday,1,0
190,2023-07-09,2023,7,July,9,3,Sunday,1,0
191,2023-07-10,2023,7,July,10,3,Monday,0,0
192,2023-07-11,2023,7,July,11,3,Tuesday,0,0
193,2023-07-12,2023,7,July,12,3,Wednesday,0,0
194,2023-07-13,2023,7,July,13,3,Thursday,0,0
195,2023-07-14,2023,7,July,14,3,Friday,0,0
196,2023-07-15,2023,7,July,15,3,Saturday,1,0
197,2023-07-16,2023,7,July,16,3,Sunday,1,0
198,2023-07-17,2023,7,July,17,3,Monday,0,0
199,2023-07-18,2023,7,July,18,3,Tuesday,0,0
200,2023-07-19,2023,7,July,19,3,Wednesday,0,0
201,2023-07-20,2023,7,July,20,3,Thursday,0,0
202,2023-07-21,2023,7,July,21,3,Friday,0,0
203,2023-07-22,2023,7,July,22,3,Saturday,1,0
204,2023-07-23,2023,7,July,23,3,Sunday,1,0
205,2023-07-24,2023,7,July,24,3,Monday,0,0
206,2023-07-25,2023,7,July,25,3,Tuesday,0,0
207,2023-07-26,2023,7,July,26,3,Wednesday,0,0
208,2023-07-27,2023,7,July,27,3,Thursday,0,0
209,2023-07-28,2023,7,July,28,3,Friday,0,0
210,2023-07-29,2023,7,July,29,3,Saturday,1,0
211,2023-07-30,2023,7,July,30,3,Sunday,1,0
212,2023-07-31,2023,7,July,31,3,Monday,0,0
213,2023-08-01,2023,8,August,1,3,Tuesday,0,0
214,2023-08-02,2023,8,August,2,3,Wednesday,0,0
215,2023-08-03,2023,8,August,3,3,Thursday,0,0
216,2023-08-04,2023,8,August,4,3,Friday,0,0
217,2023-08-05,2023,8,August,5,3,Saturday,1,0
218,2023-08-06,2023,8,August,6,3,Sunday,1,0
219,2023-08-07,2023,8,August,7,3,Monday,0,0
220,2023-08-08,2023,8,August,8,3,Tuesday,0,0
221,2023-08-09,2023,8,August,9,3,Wednesday,0,0
222,2023-08-10,2023,8,August,10,3,Thursday,0,0
223,2023-08-11,2023,8,August,11,3,Friday,0,0
224,2023-08-12,2023,8,August,12,3,Saturday,1,0
225,2023-08-13,2023,8,August,13,3,Sunday,1,0
226,2023-08-14,2023,8,August,14,3,Monday,0,0
227,2023-08-15,2023,8,August,15,3,Tuesday,0,0
228,2023-08-16,2023,8,August,16,3,Wednesday,0,0
229,2023-08-17,2023,8,August,17,3,Thursday,0,0
230,2023-08-18,2023,8,August,18,3,Friday,0,0
231,2023-08-19,2023,8,August,19,3,Saturday,1,0
232,2023-08-20,2023,8,August,20,3,Sunday,1,0
233,2023-08-21,2023,8,August,21,3,Monday,0,0
234,2023-08-22,2023,8,August,22,3,Tuesday,0,0
235,2023-08-23,2023,8,August,23,3,Wednesday,0,0
236,2023-08-24,2023,8,August,24,3,Thursday,0,0
237,2023-08-25,2023,8,August,25,3,Friday,0,0
238,2023-08-26,2023,8,August,26,3,Saturday,1,0
239,2023-08-27,2023,8,August,27,3,Sunday,1,0
240,2023-08-28,2023,8,August,28,3,Monday,0,0
241,2023-08-29,2023,8,August,29,3,Tuesday,0,0
242,2023-08-30,2023,8,August,30,3,Wednesday,0,0
243,2023-08-31,2023,8,August,31,3,Thursday,0,0
244,2023-09-01,2023,9,September,1,3,Friday,0,0
245,2023-09-02,2023,9,September,2,3,Saturday,1,0
246,2023-09-03,2023,9,September,3,3,Sunday,1,0
247,2023-09-04,2023,9,September,4,3,Monday,0,0
248,2023-09-05,2023,9,September,5,3,Tuesday,0,0
249,2023-09-06,2023,9,September,6,3,Wednesday,0,0
250,2023-09-07,2023,9,September,7,3,Thursday,0,0
251,2023-09-08,2023,9,September,8,3,Friday,0,0
252,2023-09-09,2023,9,September,9,3,Saturday,1,0
253,2023-09-10,2023,9,September,10,3,Sunday,1,0
254,2023-09-11,2023,9,September,11,3,Monday,0,0
255,2023-09-12,2023,9,September,12,3,Tuesday,0,0
256,2023-09-13,2023,9,September,13,3,Wednesday,0,0
257,2023-09-14,2023,9,September,14,3,Thursday,0,0
258,2023-09-15,2023,9,September,15,3,Friday,0,0
259,2023-09-16,2023,9,September,16,3,Saturday,1,0
260,2023-09-17,2023,9,September,17,3,Sunday,1,0
261,2023-09-18,2023,9,September,18,3,Monday,0,0
262,2023-09-19,2023,9,September,19,3,Tuesday,0,0
263,2023-09-20,2023,9,September,20,3,Wednesday,0,0
264,2023-09-21,2023,9,September,21,3,Thursday,0,0
265,2023-09-22,2023,9,September,22,3,Friday,0,0
266,2023-09-23,2023,9,September,23,3,Saturday,1,0
267,2023-09-24,2023,9,September,24,3,Sunday,1,0
268,2023-09-25,2023,9,September,25,3,Monday,0,0
269,2023-09-26,2023,9,September,26,3,Tuesday,0,0
270,2023-09-27,2023,9,September,27,3,Wednesday,0,0
271,2023-09-28,2023,9,September,28,3,Thursday,0,0
272,2023-09-29,2023,9,September,29,3,Friday,0,0
273,2023-09-30,2023,9,September,30,3,Saturday,1,0
274,2023-10-01,2023,10,October,1,4,Sunday,1,0
275,2023-10-02,2023,10,October,2,4,Monday,0,0
276,2023-10-03,2023,10,October,3,4,Tuesday,0,0
277,2023-10-04,2023,10,October,4,4,Wednesday,0,0
278,2023-10-05,2023,10,October,5,4,Thursday,0,0
279,2023-10-06,2023,10,October,6,4,Friday,0,0
280,2023-10-07,2023,10,October,7,4,Saturday,1,0
281,2023-10-08,2023,10,October,8,4,Sunday,1,0
282,2023-10-09,2023,10,October,9,4,Monday,0,0
283,2023-10-10,2023,10,October,10,4,Tuesday,0,0
284,2023-10-11,2023,10,October,11,4,Wednesday,0,0
285,2023-10-12,2023,10,October,12,4,Thursday,0,0
286,2023-10-13,2023,10,October,13,4,Friday,0,0
287,2023-10-14,2023,10,October,14,4,Saturday,1,0
288,2023-10-15,2023,10,October,15,4,Sunday,1,0
289,2023-10-16,2023,10,October,16,4,Monday,0,0
290,2023-10-17,2023,10,October,17,4,Tuesday,0,0
291,2023-10-18,2023,10,October,18,4,Wednesday,0,0
292,2023-10-19,2023,10,October,19,4,Thursday,0,0
293,2023-10-20,2023,10,October,20,4,Friday,0,0
294,2023-10-21,2023,10,October,21,4,Saturday,1,0
295,2023-10-22,2023,10,October,22,4,Sunday,1,0
296,2023-10-23,2023,10,October,23,4,Monday,0,0
297,2023-10-24,2023,10,October,24,4,Tuesday,0,0
298,2023-10-25,2023,10,October,25,4,Wednesday,0,0
299,2023-10-26,2023,10,October,26,4,Thursday,0,0
300,2023-10-27,2023,10,October,27,4,Friday,0,0
301,2023-10-28,2023,10,October,28,4,Saturday,1,0
302,2023-10-29,2023,10,October,29,4,Sunday,1,0
303,2023-10-30,2023,10,October,30,4,Monday,0,0
304,2023-10-31,2023,10,October,31,4,Tuesday,0,0
305,2023-11-01,2023,11,November,1,4,Wednesday,0,0
306,2023-11-02,2023,11,November,2,4,Thursday,0,0
307,2023-11-03,2023,11,November,3,4,Friday,0,0
308,2023-11-04,2023,11,November,4,4,Saturday,1,0
309,2023-11-05,2023,11,November,5,4,Sunday,1,0
310,2023-11-06,2023,11,November,6,4,Monday,0,0
311,2023-11-07,2023,11,November,7,4,Tuesday,0,0
312,2023-11-08,2023,11,November,8,4,Wednesday,0,0
313,2023-11-09,2023,11,November,9,4,Thursday,0,0
314,2023-11-10,2023,11,November,10,4,Friday,0,0
315,2023-11-11,2023,11,November,11,4,Saturday,1,0
316,2023-11-12,2023,11,November,12,4,Sunday,1,0
317,2023-11-13,2023,11,November,13,4,Monday,0,0
318,2023-11-14,2023,11,November,14,4,Tuesday,0,0
319,2023-11-15,2023,11,November,15,4,Wednesday,0,0
320,2023-11-16,2023,11,November,16,4,Thursday,0,0
321,2023-11-17,2023,11,November,17,4,Friday,0,0
322,2023-11-18,2023,11,November,18,4,Saturday,1,0
323,2023-11-19,2023,11,November,19,4,Sunday,1,0
324,2023-11-20,2023,11,November,20,4,Monday,0,0
325,2023-11-21,2023,11,November,21,4,Tuesday,0,0
326,2023-11-22,2023,11,November,22,4,Wednesday,0,0
327,2023-11-23,2023,11,November,23,4,Thursday,0,0
328,2023-11-24,2023,11,November,24,4,Friday,0,0
329,2023-11-25,2023,11,November,25,4,Saturday,1,0
330,2023-11-26,2023,11,November,26,4,Sunday,1,0
331,2023-11-27,2023,11,November,27,4,Monday,0,0
332,2023-11-28,2023,11,November,28,4,Tuesday,0,0
333,2023-11-29,2023,11,November,29,4,Wednesday,0,0
334,2023-11-30,2023,11,November,30,4,Thursday,0,0
335,2023-12-01,2023,12,December,1,4,Friday,0,0
336,2023-12-02,2023,12,December,2,4,Saturday,1,0
337,2023-12-03,2023,12,December,3,4,Sunday,1,0
338,2023-12-04,2023,12,December,4,4,Monday,0,0
339,2023-12-05,2023,12,December,5,4,Tuesday,0,0
340,2023-12-06,2023,12,December,6,4,Wednesday,0,0
341,2023-12-07,2023,12,December,7,4,Thursday,0,0
342,2023-12-08,2023,12,December,8,4,Friday,0,0
343,2023-12-09,2023,12,December,9,4,Saturday,1,0
344,2023-12-10,2023,12,December,10,4,Sunday,1,0
345,2023-12-11,2023,12,December,11,4,Monday,0,0
346,2023-12-12,2023,12,December,12,4,Tuesday,0,0
347,2023-12-13,2023,12,December,13,4,Wednesday,0,0
348,2023-12-14,2023,12,December,14,4,Thursday,0,0
349,2023-12-15,2023,12,December,15,4,Friday,0,0
350,2023-12-16,2023,12,December,16,4,Saturday,1,0
351,2023-12-17,2023,12,December,17,4,Sunday,1,0
352,2023-12-18,2023,12,December,18,4,Monday,0,0
353,2023-12-19,2023,12,December,19,4,Tuesday,0,0
354,2023-12-20,2023,12,December,20,4,Wednesday,0,0
355,2023-12-21,2023,12,December,21,4,Thursday,0,0
356,2023-12-22,2023,12,December,22,4,Friday,0,0
357,2023-12-23,2023,12,December,23,4,Saturday,1,0
358,2023-12-24,2023,12,December,24,4,Sunday,1,0
359,2023-12-25,2023,12,December,25,4,Monday,0,0
360,2023-12-26,2023,12,December,26,4,Tuesday,0,0
361,2023-12-27,2023,12,December,27,4,Wednesday,0,0
362,2023-12-28,2023,12,December,28,4,Thursday,0,0
363,2023-12-29,2023,12,December,29,4,Friday,0,0
364,2023-12-30,2023,12,December,30,4,Saturday,1,0
365,2023-12-31,2023,12,December,31,4,Sunday,1,0
366,2024-01-01,2024,1,January,1,1,Monday,0,0
367,2024-01-02,2024,1,January,2,1,Tuesday,0,0
368,2024-01-03,2024,1,January,3,1,Wednesday,0,0
369,2024-01-04,2024,1,January,4,1,Thursday,0,0
370,2024-01-05,2024,1,January,5,1,Friday,0,0
371,2024-01-06,2024,1,January,6,1,Saturday,1,0
372,2024-01-07,2024,1,January,7,1,Sunday,1,0
373,2024-01-08,2024,1,January,8,1,Monday,0,0
374,2024-01-09,2024,1,January,9,1,Tuesday,0,0
375,2024-01-10,2024,1,January,10,1,Wednesday,0,0
376,2024-01-11,2024,1,January,11,1,Thursday,0,0
377,2024-01-12,2024,1,January,12,1,Friday,0,0
378,2024-01-13,2024,1,January,13,1,Saturday,1,0
379,2024-01-14,2024,1,January,14,1,Sunday,1,0
380,2024-01-15,2024,1,January,15,1,Monday,0,0
381,2024-01-16,2024,1,January,16,1,Tuesday,0,0
382,2024-01-17,2024,1,January,17,1,Wednesday,0,0
383,2024-01-18,2024,1,January,18,1,Thursday,0,0
384,2024-01-19,2024,1,January,19,1,Friday,0,0
385,2024-01-20,2024,1,January,20,1,Saturday,1,0
386,2024-01-21,2024,1,January,21,1,Sunday,1,0
387,2024-01-22,2024,1,January,22,1,Monday,0,0
388,2024-01-23,2024,1,January,23,1,Tuesday,0,0
389,2024-01-24,2024,1,January,24,1,Wednesday,0,0
390,2024-01-25,2024,1,January,25,1,Thursday,0,0
391,2024-01-26,2024,1,January,26,1,Friday,0,0
392,2024-01-27,2024,1,January,27,1,Saturday,1,0
393,2024-01-28,2024,1,January,28,1,Sunday,1,0
394,2024-01-29,2024,1,January,29,1,Monday,0,0
395,2024-01-30,2024,1,January,30,1,Tuesday,0,0
396,2024-01-31,2024,1,January,31,1,Wednesday,0,0
397,2024-02-01,2024,2,February,1,1,Thursday,0,0
398,2024-02-02,2024,2,February,2,1,Friday,0,0
399,2024-02-03,2024,2,February,3,1,Saturday,1,0
400,2024-02-04,2024,2,February,4,1,Sunday,1,0
401,2024-02-05,2024,2,February,5,1,Monday,0,0
402,2024-02-06,2024,2,February,6,1,Tuesday,0,0
403,2024-02-07,2024,2,February,7,1,Wednesday,0,0
404,2024-02-08,2024,2,February,8,1,Thursday,0,0
405,2024-02-09,2024,2,February,9,1,Friday,0,0
406,2024-02-10,2024,2,February,10,1,Saturday,1,0
407,2024-02-11,2024,2,February,11,1,Sunday,1,0
408,2024-02-12,2024,2,February,12,1,Monday,0,0
409,2024-02-13,2024,2,February,13,1,Tuesday,0,0
410,2024-02-14,2024,2,February,14,1,Wednesday,0,0
411,2024-02-15,2024,2,February,15,1,Thursday,0,0
412,2024-02-16,2024,2,February,16,1,Friday,0,0
413,2024-02-17,2024,2,February,17,1,Saturday,1,0
414,2024-02-18,2024,2,February,18,1,Sunday,1,0
415,2024-02-19,2024,2,February,19,1,Monday,0,0
416,2024-02-20,2024,2,February,20,1,Tuesday,0,0
417,2024-02-21,2024,2,February,21,1,Wednesday,0,0
418,2024-02-22,2024,2,February,22,1,Thursday,0,0
419,2024-02-23,2024,2,February,23,1,Friday,0,0
420,2024-02-24,2024,2,February,24,1,Saturday,1,0
421,2024-02-25,2024,2,February,25,1,Sunday,1,0
422,2024-02-26,2024,2,February,26,1,Monday,0,0
423,2024-02-27,2024,2,February,27,1,Tuesday,0,0
424,2024-02-28,2024,2,February,28,1,Wednesday,0,0
425,2024-02-29,2024,2,February,29,1,Thursday,0,0
426,2024-03-01,2024,3,March,1,1,Friday,0,0
427,2024-03-02,2024,3,March,2,1,Saturday,1,0
428,2024-03-03,2024,3,March,3,1,Sunday,1,0
429,2024-03-04,2024,3,March,4,1,Monday,0,0
430,2024-03-05,2024,3,March,5,1,Tuesday,0,0
431,2024-03-06,2024,3,March,6,1,Wednesday,0,0
432,2024-03-07,2024,3,March,7,1,Thursday,0,0
433,2024-03-08,2024,3,March,8,1,Friday,0,0
434,2024-03-09,2024,3,March,9,1,Saturday,1,0
435,2024-03-10,2024,3,March,10,1,Sunday,1,0
436,2024-03-11,2024,3,March,11,1,Monday,0,0
437,2024-03-12,2024,3,March,12,1,Tuesday,0,0
438,2024-03-13,2024,3,March,13,1,Wednesday,0,0
439,2024-03-14,2024,3,March,14,1,Thursday,0,0
440,2024-03-15,2024,3,March,15,1,Friday,0,0
441,2024-03-16,2024,3,March,16,1,Saturday,1,0
442,2024-03-17,2024,3,March,17,1,Sunday,1,0
443,2024-03-18,2024,3,March,18,1,Monday,0,0
444,2024-03-19,2024,3,March,19,1,Tuesday,0,0
445,2024-03-20,2024,3,March,20,1,Wednesday,0,0
446,2024-03-21,2024,3,March,21,1,Thursday,0,0
447,2024-03-22,2024,3,March,22,1,Friday,0,0
448,2024-03-23,2024,3,March,23,1,Saturday,1,0
449,2024-03-24,2024,3,March,24,1,Sunday,1,0
450,2024-03-25,2024,3,March,25,1,Monday,0,0
451,2024-03-26,2024,3,March,26,1,Tuesday,0,0
452,2024-03-27,2024,3,March,27,1,Wednesday,0,0
453,2024-03-28,2024,3,March,28,1,Thursday,0,0
454,2024-03-29,2024,3,March,29,1,Friday,0,0
455,2024-03-30,2024,3,March,30,1,Saturday,1,0
456,2024-03-31,2024,3,March,31,1,Sunday,1,0
457,2024-04-01,2024,4,April,1,2,Monday,0,0
458,2024-04-02,2024,4,April,2,2,Tuesday,0,0
459,2024-04-03,2024,4,April,3,2,Wednesday,0,0
460,2024-04-04,2024,4,April,4,2,Thursday,0,0
461,2024-04-05,2024,4,April,5,2,Friday,0,0
462,2024-04-06,2024,4,April,6,2,Saturday,1,0
463,2024-04-07,2024,4,April,7,2,Sunday,1,0
464,2024-04-08,2024,4,April,8,2,Monday,0,0
465,2024-04-09,2024,4,April,9,2,Tuesday,0,0
466,2024-04-10,2024,4,April,10,2,Wednesday,0,0
467,2024-04-11,2024,4,April,11,2,Thursday,0,0
468,2024-04-12,2024,4,April,12,2,Friday,0,0
469,2024-04-13,2024,4,April,13,2,Saturday,1,0
470,2024-04-14,2024,4,April,14,2,Sunday,1,0
471,2024-04-15,2024,4,April,15,2,Monday,0,0
472,2024-04-16,2024,4,April,16,2,Tuesday,0,0
473,2024-04-17,2024,4,April,17,2,Wednesday,0,0
474,2024-04-18,2024,4,April,18,2,Thursday,0,0
475,2024-04-19,2024,4,April,19,2,Friday,0,0
476,2024-04-20,2024,4,April,20,2,Saturday,1,0
477,2024-04-21,2024,4,April,21,2,Sunday,1,0
478,2024-04-22,2024,4,April,22,2,Monday,0,0
479,2024-04-23,2024,4,April,23,2,Tuesday,0,0
480,2024-04-24,2024,4,April,24,2,Wednesday,0,0
481,2024-04-25,2024,4,April,25,2,Thursday,0,0
482,2024-04-26,2024,4,April,26,2,Friday,0,0
483,2024-04-27,2024,4,April,27,2,Saturday,1,0
484,2024-04-28,2024,4,April,28,2,Sunday,1,0
485,2024-04-29,2024,4,April,29,2,Monday,0,0
486,2024-04-30,2024,4,April,30,2,Tuesday,0,0
487,2024-05-01,2024,5,May,1,2,Wednesday,0,0
488,2024-05-02,2024,5,May,2,2,Thursday,0,0
489,2024-05-03,2024,5,May,3,2,Friday,0,0
490,2024-05-04,2024,5,May,4,2,Saturday,1,0
491,2024-05-05,2024,5,May,5,2,Sunday,1,0
492,2024-05-06,2024,5,May,6,2,Monday,0,0
493,2024-05-07,2024,5,May,7,2,Tuesday,0,0
494,2024-05-08,2024,5,May,8,2,Wednesday,0,0
495,2024-05-09,2024,5,May,9,2,Thursday,0,0
496,2024-05-10,2024,5,May,10,2,Friday,0,0
497,2024-05-11,2024,5,May,11,2,Saturday,1,0
498,2024-05-12,2024,5,May,12,2,Sunday,1,0
499,2024-05-13,2024,5,May,13,2,Monday,0,0
500,2024-05-14,2024,5,May,14,2,Tuesday,0,0
501,2024-05-15,2024,5,May,15,2,Wednesday,0,0
502,2024-05-16,2024,5,May,16,2,Thursday,0,0
503,2024-05-17,2024,5,May,17,2,Friday,0,0
504,2024-05-18,2024,5,May,18,2,Saturday,1,0
505,2024-05-19,2024,5,May,19,2,Sunday,1,0
506,2024-05-20,2024,5,May,20,2,Monday,0,0
507,2024-05-21,2024,5,May,21,2,Tuesday,0,0
508,2024-05-22,2024,5,May,22,2,Wednesday,0,0
509,2024-05-23,2024,5,May,23,2,Thursday,0,0
510,2024-05-24,2024,5,May,24,2,Friday,0,0
511,2024-05-25,2024,5,May,25,2,Saturday,1,0
512,2024-05-26,2024,5,May,26,2,Sunday,1,0
513,2024-05-27,2024,5,May,27,2,Monday,0,0
514,2024-05-28,2024,5,May,28,2,Tuesday,0,0
515,2024-05-29,2024,5,May,29,2,Wednesday,0,0
516,2024-05-30,2024,5,May,30,2,Thursday,0,0
517,2024-05-31,2024,5,May,31,2,Friday,0,0
518,2024-06-01,2024,6,June,1,2,Saturday,1,0
519,2024-06-02,2024,6,June,2,2,Sunday,1,0
520,2024-06-03,2024,6,June,3,2,Monday,0,0
521,2024-06-04,2024,6,June,4,2,Tuesday,0,0
522,2024-06-05,2024,6,June,5,2,Wednesday,0,0
523,2024-06-06,2024,6,June,6,2,Thursday,0,0
524,2024-06-07,2024,6,June,7,2,Friday,0,0
525,2024-06-08,2024,6,June,8,2,Saturday,1,0
526,2024-06-09,2024,6,June,9,2,Sunday,1,0
527,2024-06-10,2024,6,June,10,2,Monday,0,0
528,2024-06-11,2024,6,June,11,2,Tuesday,0,0
529,2024-06-12,2024,6,June,12,2,Wednesday,0,0
530,2024-06-13,2024,6,June,13,2,Thursday,0,0
531,2024-06-14,2024,6,June,14,2,Friday,0,0
532,2024-06-15,2024,6,June,15,2,Saturday,1,0
533,2024-06-16,2024,6,June,16,2,Sunday,1,0
534,2024-06-17,2024,6,June,17,2,Monday,0,0
535,2024-06-18,2024,6,June,18,2,Tuesday,0,0
536,2024-06-19,2024,6,June,19,2,Wednesday,0,0
537,2024-06-20,2024,6,June,20,2,Thursday,0,0
538,2024-06-21,2024,6,June,21,2,Friday,0,0
539,2024-06-22,2024,6,June,22,2,Saturday,1,0
540,2024-06-23,2024,6,June,23,2,Sunday,1,0
541,2024-06-24,2024,6,June,24,2,Monday,0,0
542,2024-06-25,2024,6,June,25,2,Tuesday,0,0
543,2024-06-26,2024,6,June,26,2,Wednesday,0,0
544,2024-06-27,2024,6,June,27,2,Thursday,0,0
545,2024-06-28,2024,6,June,28,2,Friday,0,0
546,2024-06-29,2024,6,June,29,2,Saturday,1,0
547,2024-06-30,2024,6,June,30,2,Sunday,1,0
548,2024-07-01,2024,7,July,1,3,Monday,0,0
549,2024-07-02,2024,7,July,2,3,Tuesday,0,0
550,2024-07-03,2024,7,July,3,3,Wednesday,0,0
551,2024-07-04,2024,7,July,4,3,Thursday,0,0
552,2024-07-05,2024,7,July,5,3,Friday,0,0
553,2024-07-06,2024,7,July,6,3,Saturday,1,0
554,2024-07-07,2024,7,July,7,3,Sunday,1,0
555,2024-07-08,2024,7,July,8,3,Monday,0,0
556,2024-07-09,2024,7,July,9,3,Tuesday,0,0
557,2024-07-10,2024,7,July,10,3,Wednesday,0,0
558,2024-07-11,2024,7,July,11,3,Thursday,0,0
559,2024-07-12,2024,7,July,12,3,Friday,0,0
560,2024-07-13,2024,7,July,13,3,Saturday,1,0
561,2024-07-14,2024,7,July,14,3,Sunday,1,0
562,2024-07-15,2024,7,July,15,3,Monday,0,0
563,2024-07-16,2024,7,July,16,3,Tuesday,0,0
564,2024-07-17,2024,7,July,17,3,Wednesday,0,0
565,2024-07-18,2024,7,July,18,3,Thursday,0,0
566,2024-07-19,2024,7,July,19,3,Friday,0,0
567,2024-07-20,2024,7,July,20,3,Saturday,1,0
568,2024-07-21,2024,7,July,21,3,Sunday,1,0
569,2024-07-22,2024,7,July,22,3,Monday,0,0
570,2024-07-23,2024,7,July,23,3,Tuesday,0,0
571,2024-07-24,2024,7,July,24,3,Wednesday,0,0
572,2024-07-25,2024,7,July,25,3,Thursday,0,0
573,2024-07-26,2024,7,July,26,3,Friday,0,0
574,2024-07-27,2024,7,July,27,3,Saturday,1,0
575,2024-07-28,2024,7,July,28,3,Sunday,1,0
576,2024-07-29,2024,7,July,29,3,Monday,0,0
577,2024-07-30,2024,7,July,30,3,Tuesday,0,0
578,2024-07-31,2024,7,July,31,3,Wednesday,0,0
579,2024-08-01,2024,8,August,1,3,Thursday,0,0
580,2024-08-02,2024,8,August,2,3,Friday,0,0
581,2024-08-03,2024,8,August,3,3,Saturday,1,0
582,2024-08-04,2024,8,August,4,3,Sunday,1,0
583,2024-08-05,2024,8,August,5,3,Monday,0,0
584,2024-08-06,2024,8,August,6,3,Tuesday,0,0
585,2024-08-07,2024,8,August,7,3,Wednesday,0,0
586,2024-08-08,2024,8,August,8,3,Thursday,0,0
587,2024-08-09,2024,8,August,9,3,Friday,0,0
588,2024-08-10,2024,8,August,10,3,Saturday,1,0
589,2024-08-11,2024,8,August,11,3,Sunday,1,0
590,2024-08-12,2024,8,August,12,3,Monday,0,0
591,2024-08-13,2024,8,August,13,3,Tuesday,0,0
592,2024-08-14,2024,8,August,14,3,Wednesday,0,0
593,2024-08-15,2024,8,August,15,3,Thursday,0,0
594,2024-08-16,2024,8,August,16,3,Friday,0,0
595,2024-08-17,2024,8,August,17,3,Saturday,1,0
596,2024-08-18,2024,8,August,18,3,Sunday,1,0
597,2024-08-19,2024,8,August,19,3,Monday,0,0
598,2024-08-20,2024,8,August,20,3,Tuesday,0,0
599,2024-08-21,2024,8,August,21,3,Wednesday,0,0
600,2024-08-22,2024,8,August,22,3,Thursday,0,0
601,2024-08-23,2024,8,August,23,3,Friday,0,0
602,2024-08-24,2024,8,August,24,3,Saturday,1,0
603,2024-08-25,2024,8,August,25,3,Sunday,1,0
604,2024-08-26,2024,8,August,26,3,Monday,0,0
605,2024-08-27,2024,8,August,27,3,Tuesday,0,0
606,2024-08-28,2024,8,August,28,3,Wednesday,0,0
607,2024-08-29,2024,8,August,29,3,Thursday,0,0
608,2024-08-30,2024,8,August,30,3,Friday,0,0
609,2024-08-31,2024,8,August,31,3,Saturday,1,0
610,2024-09-01,2024,9,September,1,3,Sunday,1,0
611,2024-09-02,2024,9,September,2,3,Monday,0,0
612,2024-09-03,2024,9,September,3,3,Tuesday,0,0
613,2024-09-04,2024,9,September,4,3,Wednesday,0,0
614,2024-09-05,2024,9,September,5,3,Thursday,0,0
615,2024-09-06,2024,9,September,6,3,Friday,0,0
616,2024-09-07,2024,9,September,7,3,Saturday,1,0
617,2024-09-08,2024,9,September,8,3,Sunday,1,0
618,2024-09-09,2024,9,September,9,3,Monday,0,0
619,2024-09-10,2024,9,September,10,3,Tuesday,0,0
620,2024-09-11,2024,9,September,11,3,Wednesday,0,0
621,2024-09-12,2024,9,September,12,3,Thursday,0,0
622,2024-09-13,2024,9,September,13,3,Friday,0,0
623,2024-09-14,2024,9,September,14,3,Saturday,1,0
624,2024-09-15,2024,9,September,15,3,Sunday,1,0
625,2024-09-16,2024,9,September,16,3,Monday,0,0
626,2024-09-17,2024,9,September,17,3,Tuesday,0,0
627,2024-09-18,2024,9,September,18,3,Wednesday,0,0
628,2024-09-19,2024,9,September,19,3,Thursday,0,0
629,2024-09-20,2024,9,September,20,3,Friday,0,0
630,2024-09-21,2024,9,September,21,3,Saturday,1,0
631,2024-09-22,2024,9,September,22,3,Sunday,1,0
632,2024-09-23,2024,9,September,23,3,Monday,0,0
633,2024-09-24,2024,9,September,24,3,Tuesday,0,0
634,2024-09-25,2024,9,September,25,3,Wednesday,0,0
635,2024-09-26,2024,9,September,26,3,Thursday,0,0
636,2024-09-27,2024,9,September,27,3,Friday,0,0
637,2024-09-28,2024,9,September,28,3,Saturday,1,0
638,2024-09-29,2024,9,September,29,3,Sunday,1,0
639,2024-09-30,2024,9,September,30,3,Monday,0,0
640,2024-10-01,2024,10,October,1,4,Tuesday,0,0
641,2024-10-02,2024,10,October,2,4,Wednesday,0,0
642,2024-10-03,2024,10,October,3,4,Thursday,0,0
643,2024-10-04,2024,10,October,4,4,Friday,0,0
644,2024-10-05,2024,10,October,5,4,Saturday,1,0
645,2024-10-06,2024,10,October,6,4,Sunday,1,0
646,2024-10-07,2024,10,October,7,4,Monday,0,0
647,2024-10-08,2024,10,October,8,4,Tuesday,0,0
648,2024-10-09,2024,10,October,9,4,Wednesday,0,0
649,2024-10-10,2024,10,October,10,4,Thursday,0,0
650,2024-10-11,2024,10,October,11,4,Friday,0,0
651,2024-10-12,2024,10,October,12,4,Saturday,1,0
652,2024-10-13,2024,10,October,13,4,Sunday,1,0
653,2024-10-14,2024,10,October,14,4,Monday,0,0
654,2024-10-15,2024,10,October,15,4,Tuesday,0,0
655,2024-10-16,2024,10,October,16,4,Wednesday,0,0
656,2024-10-17,2024,10,October,17,4,Thursday,0,0
657,2024-10-18,2024,10,October,18,4,Friday,0,0
658,2024-10-19,2024,10,October,19,4,Saturday,1,0
659,2024-10-20,2024,10,October,20,4,Sunday,1,0
660,2024-10-21,2024,10,October,21,4,Monday,0,0
661,2024-10-22,2024,10,October,22,4,Tuesday,0,0
662,2024-10-23,2024,10,October,23,4,Wednesday,0,0
663,2024-10-24,2024,10,October,24,4,Thursday,0,0
664,2024-10-25,2024,10,October,25,4,Friday,0,0
665,2024-10-26,2024,10,October,26,4,Saturday,1,0
666,2024-10-27,2024,10,October,27,4,Sunday,1,0
667,2024-10-28,2024,10,October,28,4,Monday,0,0
668,2024-10-29,2024,10,October,29,4,Tuesday,0,0
669,2024-10-30,2024,10,October,30,4,Wednesday,0,0
670,2024-10-31,2024,10,October,31,4,Thursday,0,0
671,2024-11-01,2024,11,November,1,4,Friday,0,0
672,2024-11-02,2024,11,November,2,4,Saturday,1,0
673,2024-11-03,2024,11,November,3,4,Sunday,1,0
674,2024-11-04,2024,11,November,4,4,Monday,0,0
675,2024-11-05,2024,11,November,5,4,Tuesday,0,0
676,2024-11-06,2024,11,November,6,4,Wednesday,0,0
677,2024-11-07,2024,11,November,7,4,Thursday,0,0
678,2024-11-08,2024,11,November,8,4,Friday,0,0
679,2024-11-09,2024,11,November,9,4,Saturday,1,0
680,2024-11-10,2024,11,November,10,4,Sunday,1,0
681,2024-11-11,2024,11,November,11,4,Monday,0,0
682,2024-11-12,2024,11,November,12,4,Tuesday,0,0
683,2024-11-13,2024,11,November,13,4,Wednesday,0,0
684,2024-11-14,2024,11,November,14,4,Thursday,0,0
685,2024-11-15,2024,11,November,15,4,Friday,0,0
686,2024-11-16,2024,11,November,16,4,Saturday,1,0
687,2024-11-17,2024,11,November,17,4,Sunday,1,0
688,2024-11-18,2024,11,November,18,4,Monday,0,0
689,2024-11-19,2024,11,November,19,4,Tuesday,0,0
690,2024-11-20,2024,11,November,20,4,Wednesday,0,0
691,2024-11-21,2024,11,November,21,4,Thursday,0,0
692,2024-11-22,2024,11,November,22,4,Friday,0,0
693,2024-11-23,2024,11,November,23,4,Saturday,1,0
694,2024-11-24,2024,11,November,24,4,Sunday,1,0
695,2024-11-25,2024,11,November,25,4,Monday,0,0
696,2024-11-26,2024,11,November,26,4,Tuesday,0,0
697,2024-11-27,2024,11,November,27,4,Wednesday,0,0
698,2024-11-28,2024,11,November,28,4,Thursday,0,0
699,2024-11-29,2024,11,November,29,4,Friday,0,0
700,2024-11-30,2024,11,November,30,4,Saturday,1,0
701,2024-12-01,2024,12,December,1,4,Sunday,1,0
702,2024-12-02,2024,12,December,2,4,Monday,0,0
703,2024-12-03,2024,12,December,3,4,Tuesday,0,0
704,2024-12-04,2024,12,December,4,4,Wednesday,0,0
705,2024-12-05,2024,12,December,5,4,Thursday,0,0
706,2024-12-06,2024,12,December,6,4,Friday,0,0
707,2024-12-07,2024,12,December,7,4,Saturday,1,0
708,2024-12-08,2024,12,December,8,4,Sunday,1,0
709,2024-12-09,2024,12,December,9,4,Monday,0,0
710,2024-12-10,2024,12,December,10,4,Tuesday,0,0
711,2024-12-11,2024,12,December,11,4,Wednesday,0,0
712,2024-12-12,2024,12,December,12,4,Thursday,0,0
713,2024-12-13,2024,12,December,13,4,Friday,0,0
714,2024-12-14,2024,12,December,14,4,Saturday,1,0
715,2024-12-15,2024,12,December,15,4,Sunday,1,0
716,2024-12-16,2024,12,December,16,4,Monday,0,0
717,2024-12-17,2024,12,December,17,4,Tuesday,0,0
718,2024-12-18,2024,12,December,18,4,Wednesday,0,0
719,2024-12-19,2024,12,December,19,4,Thursday,0,0
720,2024-12-20,2024,12,December,20,4,Friday,0,0
721,2024-12-21,2024,12,December,21,4,Saturday,1,0
722,2024-12-22,2024,12,December,22,4,Sunday,1,0
723,2024-12-23,2024,12,December,23,4,Monday,0,0
724,2024-12-24,2024,12,December,24,4,Tuesday,0,0
725,2024-12-25,2024,12,December,25,4,Wednesday,0,0
726,2024-12-26,2024,12,December,26,4,Thursday,0,0
727,2024-12-27,2024,12,December,27,4,Friday,0,0
728,2024-12-28,2024,12,December,28,4,Saturday,1,0
729,2024-12-29,2024,12,December,29,4,Sunday,1,0
730,2024-12-30,2024,12,December,30,4,Monday,0,0
731,2024-12-31,2024,12,December,31,4,Tuesday,0,0
732,2025-01-01,2025,1,January,1,1,Wednesday,0,0
733,2025-01-02,2025,1,January,2,1,Thursday,0,0
734,2025-01-03,2025,1,January,3,1,Friday,0,0
735,2025-01-04,2025,1,January,4,1,Saturday,1,0
736,2025-01-05,2025,1,January,5,1,Sunday,1,0
737,2025-01-06,2025,1,January,6,1,Monday,0,0
738,2025-01-07,2025,1,January,7,1,Tuesday,0,0
739,2025-01-08,2025,1,January,8,1,Wednesday,0,0
740,2025-01-09,2025,1,January,9,1,Thursday,0,0
741,2025-01-10,2025,1,January,10,1,Friday,0,0
742,2025-01-11,2025,1,January,11,1,Saturday,1,0
743,2025-01-12,2025,1,January,12,1,Sunday,1,0
744,2025-01-13,2025,1,January,13,1,Monday,0,0
745,2025-01-14,2025,1,January,14,1,Tuesday,0,0
746,2025-01-15,2025,1,January,15,1,Wednesday,0,0
747,2025-01-16,2025,1,January,16,1,Thursday,0,0
748,2025-01-17,2025,1,January,17,1,Friday,0,0
749,2025-01-18,2025,1,January,18,1,Saturday,1,0
750,2025-01-19,2025,1,January,19,1,Sunday,1,0
751,2025-01-20,2025,1,January,20,1,Monday,0,0
752,2025-01-21,2025,1,January,21,1,Tuesday,0,0
753,2025-01-22,2025,1,January,22,1,Wednesday,0,0
754,2025-01-23,2025,1,January,23,1,Thursday,0,0
755,2025-01-24,2025,1,January,24,1,Friday,0,0
756,2025-01-25,2025,1,January,25,1,Saturday,1,0
757,2025-01-26,2025,1,January,26,1,Sunday,1,0
758,2025-01-27,2025,1,January,27,1,Monday,0,0
759,2025-01-28,2025,1,January,28,1,Tuesday,0,0
760,2025-01-29,2025,1,January,29,1,Wednesday,0,0
761,2025-01-30,2025,1,January,30,1,Thursday,0,0
762,2025-01-31,2025,1,January,31,1,Friday,0,0
763,2025-02-01,2025,2,February,1,1,Saturday,1,0
764,2025-02-02,2025,2,February,2,1,Sunday,1,0
765,2025-02-03,2025,2,February,3,1,Monday,0,0
766,2025-02-04,2025,2,February,4,1,Tuesday,0,0
767,2025-02-05,2025,2,February,5,1,Wednesday,0,0
768,2025-02-06,2025,2,February,6,1,Thursday,0,0
769,2025-02-07,2025,2,February,7,1,Friday,0,0
770,2025-02-08,2025,2,February,8,1,Saturday,1,0
771,2025-02-09,2025,2,February,9,1,Sunday,1,0
772,2025-02-10,2025,2,February,10,1,Monday,0,0
773,2025-02-11,2025,2,February,11,1,Tuesday,0,0
774,2025-02-12,2025,2,February,12,1,Wednesday,0,0
775,2025-02-13,2025,2,February,13,1,Thursday,0,0
776,2025-02-14,2025,2,February,14,1,Friday,0,0
777,2025-02-15,2025,2,February,15,1,Saturday,1,0
778,2025-02-16,2025,2,February,16,1,Sunday,1,0
779,2025-02-17,2025,2,February,17,1,Monday,0,0
780,2025-02-18,2025,2,February,18,1,Tuesday,0,0
781,2025-02-19,2025,2,February,19,1,Wednesday,0,0
782,2025-02-20,2025,2,February,20,1,Thursday,0,0
783,2025-02-21,2025,2,February,21,1,Friday,0,0
784,2025-02-22,2025,2,February,22,1,Saturday,1,0
785,2025-02-23,2025,2,February,23,1,Sunday,1,0
786,2025-02-24,2025,2,February,24,1,Monday,0,0
787,2025-02-25,2025,2,February,25,1,Tuesday,0,0
788,2025-02-26,2025,2,February,26,1,Wednesday,0,0
789,2025-02-27,2025,2,February,27,1,Thursday,0,0
790,2025-02-28,2025,2,February,28,1,Friday,0,0
791,2025-03-01,2025,3,March,1,1,Saturday,1,0
792,2025-03-02,2025,3,March,2,1,Sunday,1,0
793,2025-03-03,2025,3,March,3,1,Monday,0,0
794,2025-03-04,2025,3,March,4,1,Tuesday,0,0
795,2025-03-05,2025,3,March,5,1,Wednesday,0,0
796,2025-03-06,2025,3,March,6,1,Thursday,0,0
797,2025-03-07,2025,3,March,7,1,Friday,0,0
798,2025-03-08,2025,3,March,8,1,Saturday,1,0
799,2025-03-09,2025,3,March,9,1,Sunday,1,0
800,2025-03-10,2025,3,March,10,1,Monday,0,0
801,2025-03-11,2025,3,March,11,1,Tuesday,0,0
802,2025-03-12,2025,3,March,12,1,Wednesday,0,0
803,2025-03-13,2025,3,March,13,1,Thursday,0,0
804,2025-03-14,2025,3,March,14,1,Friday,0,0
805,2025-03-15,2025,3,March,15,1,Saturday,1,0
806,2025-03-16,2025,3,March,16,1,Sunday,1,0
807,2025-03-17,2025,3,March,17,1,Monday,0,0
808,2025-03-18,2025,3,March,18,1,Tuesday,0,0
809,2025-03-19,2025,3,March,19,1,Wednesday,0,0
810,2025-03-20,2025,3,March,20,1,Thursday,0,0
811,2025-03-21,2025,3,March,21,1,Friday,0,0
812,2025-03-22,2025,3,March,22,1,Saturday,1,0
813,2025-03-23,2025,3,March,23,1,Sunday,1,0
814,2025-03-24,2025,3,March,24,1,Monday,0,0
815,2025-03-25,2025,3,March,25,1,Tuesday,0,0
816,2025-03-26,2025,3,March,26,1,Wednesday,0,0
817,2025-03-27,2025,3,March,27,1,Thursday,0,0
818,2025-03-28,2025,3,March,28,1,Friday,0,0
819,2025-03-29,2025,3,March,29,1,Saturday,1,0
820,2025-03-30,2025,3,March,30,1,Sunday,1,0
821,2025-03-31,2025,3,March,31,1,Monday,0,0
822,2025-04-01,2025,4,April,1,2,Tuesday,0,0
823,2025-04-02,2025,4,April,2,2,Wednesday,0,0
824,2025-04-03,2025,4,April,3,2,Thursday,0,0
825,2025-04-04,2025,4,April,4,2,Friday,0,0
826,2025-04-05,2025,4,April,5,2,Saturday,1,0
827,2025-04-06,2025,4,April,6,2,Sunday,1,0
828,2025-04-07,2025,4,April,7,2,Monday,0,0
829,2025-04-08,2025,4,April,8,2,Tuesday,0,0
830,2025-04-09,2025,4,April,9,2,Wednesday,0,0
831,2025-04-10,2025,4,April,10,2,Thursday,0,0
832,2025-04-11,2025,4,April,11,2,Friday,0,0
833,2025-04-12,2025,4,April,12,2,Saturday,1,0
834,2025-04-13,2025,4,April,13,2,Sunday,1,0
835,2025-04-14,2025,4,April,14,2,Monday,0,0
836,2025-04-15,2025,4,April,15,2,Tuesday,0,0
837,2025-04-16,2025,4,April,16,2,Wednesday,0,0
838,2025-04-17,2025,4,April,17,2,Thursday,0,0
839,2025-04-18,2025,4,April,18,2,Friday,0,0
840,2025-04-19,2025,4,April,19,2,Saturday,1,0
841,2025-04-20,2025,4,April,20,2,Sunday,1,0
842,2025-04-21,2025,4,April,21,2,Monday,0,0
843,2025-04-22,2025,4,April,22,2,Tuesday,0,0
844,2025-04-23,2025,4,April,23,2,Wednesday,0,0
845,2025-04-24,2025,4,April,24,2,Thursday,0,0
846,2025-04-25,2025,4,April,25,2,Friday,0,0
847,2025-04-26,2025,4,April,26,2,Saturday,1,0
848,2025-04-27,2025,4,April,27,2,Sunday,1,0
849,2025-04-28,2025,4,April,28,2,Monday,0,0
850,2025-04-29,2025,4,April,29,2,Tuesday,0,0
851,2025-04-30,2025,4,April,30,2,Wednesday,0,0
852,2025-05-01,2025,5,May,1,2,Thursday,0,0
853,2025-05-02,2025,5,May,2,2,Friday,0,0
854,2025-05-03,2025,5,May,3,2,Saturday,1,0
855,2025-05-04,2025,5,May,4,2,Sunday,1,0
856,2025-05-05,2025,5,May,5,2,Monday,0,0
857,2025-05-06,2025,5,May,6,2,Tuesday,0,0
858,2025-05-07,2025,5,May,7,2,Wednesday,0,0
859,2025-05-08,2025,5,May,8,2,Thursday,0,0
860,2025-05-09,2025,5,May,9,2,Friday,0,0
861,2025-05-10,2025,5,May,10,2,Saturday,1,0
862,2025-05-11,2025,5,May,11,2,Sunday,1,0
863,2025-05-12,2025,5,May,12,2,Monday,0,0
864,2025-05-13,2025,5,May,13,2,Tuesday,0,0
865,2025-05-14,2025,5,May,14,2,Wednesday,0,0
866,2025-05-15,2025,5,May,15,2,Thursday,0,0
867,2025-05-16,2025,5,May,16,2,Friday,0,0
868,2025-05-17,2025,5,May,17,2,Saturday,1,0
869,2025-05-18,2025,5,May,18,2,Sunday,1,0
870,2025-05-19,2025,5,May,19,2,Monday,0,0
871,2025-05-20,2025,5,May,20,2,Tuesday,0,0
872,2025-05-21,2025,5,May,21,2,Wednesday,0,0
873,2025-05-22,2025,5,May,22,2,Thursday,0,0
874,2025-05-23,2025,5,May,23,2,Friday,0,0
875,2025-05-24,2025,5,May,24,2,Saturday,1,0
876,2025-05-25,2025,5,May,25,2,Sunday,1,0
877,2025-05-26,2025,5,May,26,2,Monday,0,0
878,2025-05-27,2025,5,May,27,2,Tuesday,0,0
879,2025-05-28,2025,5,May,28,2,Wednesday,0,0
880,2025-05-29,2025,5,May,29,2,Thursday,0,0
881,2025-05-30,2025,5,May,30,2,Friday,0,0
882,2025-05-31,2025,5,May,31,2,Saturday,1,0
883,2025-06-01,2025,6,June,1,2,Sunday,1,0
884,2025-06-02,2025,6,June,2,2,Monday,0,0
885,2025-06-03,2025,6,June,3,2,Tuesday,0,0
886,2025-06-04,2025,6,June,4,2,Wednesday,0,0
887,2025-06-05,2025,6,June,5,2,Thursday,0,0
888,2025-06-06,2025,6,June,6,2,Friday,0,0
889,2025-06-07,2025,6,June,7,2,Saturday,1,0
890,2025-06-08,2025,6,June,8,2,Sunday,1,0
891,2025-06-09,2025,6,June,9,2,Monday,0,0
892,2025-06-10,2025,6,June,10,2,Tuesday,0,0
893,2025-06-11,2025,6,June,11,2,Wednesday,0,0
894,2025-06-12,2025,6,June,12,2,Thursday,0,0
895,2025-06-13,2025,6,June,13,2,Friday,0,0
896,2025-06-14,2025,6,June,14,2,Saturday,1,0
897,2025-06-15,2025,6,June,15,2,Sunday,1,0
898,2025-06-16,2025,6,June,16,2,Monday,0,0
899,2025-06-17,2025,6,June,17,2,Tuesday,0,0
900,2025-06-18,2025,6,June,18,2,Wednesday,0,0
901,2025-06-19,2025,6,June,19,2,Thursday,0,0
902,2025-06-20,2025,6,June,20,2,Friday,0,0
903,2025-06-21,2025,6,June,21,2,Saturday,1,0
904,2025-06-22,2025,6,June,22,2,Sunday,1,0
905,2025-06-23,2025,6,June,23,2,Monday,0,0
906,2025-06-24,2025,6,June,24,2,Tuesday,0,0
907,2025-06-25,2025,6,June,25,2,Wednesday,0,0
908,2025-06-26,2025,6,June,26,2,Thursday,0,0
909,2025-06-27,2025,6,June,27,2,Friday,0,0
910,2025-06-28,2025,6,June,28,2,Saturday,1,0
911,2025-06-29,2025,6,June,29,2,Sunday,1,0
912,2025-06-30,2025,6,June,30,2,Monday,0,0
913,2025-07-01,2025,7,July,1,3,Tuesday,0,0
914,2025-07-02,2025,7,July,2,3,Wednesday,0,0
915,2025-07-03,2025,7,July,3,3,Thursday,0,0
916,2025-07-04,2025,7,July,4,3,Friday,0,0
917,2025-07-05,2025,7,July,5,3,Saturday,1,0
918,2025-07-06,2025,7,July,6,3,Sunday,1,0
919,2025-07-07,2025,7,July,7,3,Monday,0,0
920,2025-07-08,2025,7,July,8,3,Tuesday,0,0
921,2025-07-09,2025,7,July,9,3,Wednesday,0,0
922,2025-07-10,2025,7,July,10,3,Thursday,0,0
923,2025-07-11,2025,7,July,11,3,Friday,0,0
924,2025-07-12,2025,7,July,12,3,Saturday,1,0
925,2025-07-13,2025,7,July,13,3,Sunday,1,0
926,2025-07-14,2025,7,July,14,3,Monday,0,0
927,2025-07-15,2025,7,July,15,3,Tuesday,0,0
928,2025-07-16,2025,7,July,16,3,Wednesday,0,0
929,2025-07-17,2025,7,July,17,3,Thursday,0,0
930,2025-07-18,2025,7,July,18,3,Friday,0,0
931,2025-07-19,2025,7,July,19,3,Saturday,1,0
932,2025-07-20,2025,7,July,20,3,Sunday,1,0
933,2025-07-21,2025,7,July,21,3,Monday,0,0
934,2025-07-22,2025,7,July,22,3,Tuesday,0,0
935,2025-07-23,2025,7,July,23,3,Wednesday,0,0
936,2025-07-24,2025,7,July,24,3,Thursday,0,0
937,2025-07-25,2025,7,July,25,3,Friday,0,0
938,2025-07-26,2025,7,July,26,3,Saturday,1,0
939,2025-07-27,2025,7,July,27,3,Sunday,1,0
940,2025-07-28,2025,7,July,28,3,Monday,0,0
941,2025-07-29,2025,7,July,29,3,Tuesday,0,0
942,2025-07-30,2025,7,July,30,3,Wednesday,0,0
943,2025-07-31,2025,7,July,31,3,Thursday,0,0
944,2025-08-01,2025,8,August,1,3,Friday,0,0
945,2025-08-02,2025,8,August,2,3,Saturday,1,0
946,2025-08-03,2025,8,August,3,3,Sunday,1,0
947,2025-08-04,2025,8,August,4,3,Monday,0,0
948,2025-08-05,2025,8,August,5,3,Tuesday,0,0
949,2025-08-06,2025,8,August,6,3,Wednesday,0,0
950,2025-08-07,2025,8,August,7,3,Thursday,0,0
951,2025-08-08,2025,8,August,8,3,Friday,0,0
952,2025-08-09,2025,8,August,9,3,Saturday,1,0
953,2025-08-10,2025,8,August,10,3,Sunday,1,0
954,2025-08-11,2025,8,August,11,3,Monday,0,0
955,2025-08-12,2025,8,August,12,3,Tuesday,0,0
956,2025-08-13,2025,8,August,13,3,Wednesday,0,0
957,2025-08-14,2025,8,August,14,3,Thursday,0,0
958,2025-08-15,2025,8,August,15,3,Friday,0,0
959,2025-08-16,2025,8,August,16,3,Saturday,1,0
960,2025-08-17,2025,8,August,17,3,Sunday,1,0
961,2025-08-18,2025,8,August,18,3,Monday,0,0
962,2025-08-19,2025,8,August,19,3,Tuesday,0,0
963,2025-08-20,2025,8,August,20,3,Wednesday,0,0
964,2025-08-21,2025,8,August,21,3,Thursday,0,0
965,2025-08-22,2025,8,August,22,3,Friday,0,0
966,2025-08-23,2025,8,August,23,3,Saturday,1,0
967,2025-08-24,2025,8,August,24,3,Sunday,1,0
968,2025-08-25,2025,8,August,25,3,Monday,0,0
969,2025-08-26,2025,8,August,26,3,Tuesday,0,0
970,2025-08-27,2025,8,August,27,3,Wednesday,0,0
971,2025-08-28,2025,8,August,28,3,Thursday,0,0
972,2025-08-29,2025,8,August,29,3,Friday,0,0
973,2025-08-30,2025,8,August,30,3,Saturday,1,0
974,2025-08-31,2025,8,August,31,3,Sunday,1,0
975,2025-09-01,2025,9,September,1,3,Monday,0,0
976,2025-09-02,2025,9,September,2,3,Tuesday,0,0
977,2025-09-03,2025,9,September,3,3,Wednesday,0,0
978,2025-09-04,2025,9,September,4,3,Thursday,0,0
979,2025-09-05,2025,9,September,5,3,Friday,0,0
980,2025-09-06,2025,9,September,6,3,Saturday,1,0
981,2025-09-07,2025,9,September,7,3,Sunday,1,0
982,2025-09-08,2025,9,September,8,3,Monday,0,0
983,2025-09-09,2025,9,September,9,3,Tuesday,0,0
984,2025-09-10,2025,9,September,10,3,Wednesday,0,0
985,2025-09-11,2025,9,September,11,3,Thursday,0,0
986,2025-09-12,2025,9,September,12,3,Friday,0,0
987,2025-09-13,2025,9,September,13,3,Saturday,1,0
988,2025-09-14,2025,9,September,14,3,Sunday,1,0
989,2025-09-15,2025,9,September,15,3,Monday,0,0
990,2025-09-16,2025,9,September,16,3,Tuesday,0,0
991,2025-09-17,2025,9,September,17,3,Wednesday,0,0
992,2025-09-18,2025,9,September,18,3,Thursday,0,0
993,2025-09-19,2025,9,September,19,3,Friday,0,0
994,2025-09-20,2025,9,September,20,3,Saturday,1,0
995,2025-09-21,2025,9,September,21,3,Sunday,1,0
996,2025-09-22,2025,9,September,22,3,Monday,0,0
997,2025-09-23,2025,9,September,23,3,Tuesday,0,0
998,2025-09-24,2025,9,September,24,3,Wednesday,0,0
999,2025-09-25,2025,9,September,25,3,Thursday,0,0
1000,2025-09-26,2025,9,September,26,3,Friday,0,0
1001,2025-09-27,2025,9,September,27,3,Saturday,1,0
1002,2025-09-28,2025,9,September,28,3,Sunday,1,0
1003,2025-09-29,2025,9,September,29,3,Monday,0,0
1004,2025-09-30,2025,9,September,30,3,Tuesday,0,0
1005,2025-10-01,2025,10,October,1,4,Wednesday,0,0
1006,2025-10-02,2025,10,October,2,4,Thursday,0,0
1007,2025-10-03,2025,10,October,3,4,Friday,0,0
1008,2025-10-04,2025,10,October,4,4,Saturday,1,0
1009,2025-10-05,2025,10,October,5,4,Sunday,1,0
1010,2025-10-06,2025,10,October,6,4,Monday,0,0
1011,2025-10-07,2025,10,October,7,4,Tuesday,0,0
1012,2025-10-08,2025,10,October,8,4,Wednesday,0,0
1013,2025-10-09,2025,10,October,9,4,Thursday,0,0
1014,2025-10-10,2025,10,October,10,4,Friday,0,0
1015,2025-10-11,2025,10,October,11,4,Saturday,1,0
1016,2025-10-12,2025,10,October,12,4,Sunday,1,0
1017,2025-10-13,2025,10,October,13,4,Monday,0,0
1018,2025-10-14,2025,10,October,14,4,Tuesday,0,0
1019,2025-10-15,2025,10,October,15,4,Wednesday,0,0
1020,2025-10-16,2025,10,October,16,4,Thursday,0,0
1021,2025-10-17,2025,10,October,17,4,Friday,0,0
1022,2025-10-18,2025,10,October,18,4,Saturday,1,0
1023,2025-10-19,2025,10,October,19,4,Sunday,1,0
1024,2025-10-20,2025,10,October,20,4,Monday,0,0
1025,2025-10-21,2025,10,October,21,4,Tuesday,0,0
1026,2025-10-22,2025,10,October,22,4,Wednesday,0,0
1027,2025-10-23,2025,10,October,23,4,Thursday,0,0
1028,2025-10-24,2025,10,October,24,4,Friday,0,0
1029,2025-10-25,2025,10,October,25,4,Saturday,1,0
1030,2025-10-26,2025,10,October,26,4,Sunday,1,0
1031,2025-10-27,2025,10,October,27,4,Monday,0,0
1032,2025-10-28,2025,10,October,28,4,Tuesday,0,0
1033,2025-10-29,2025,10,October,29,4,Wednesday,0,0
1034,2025-10-30,2025,10,October,30,4,Thursday,0,0
1035,2025-10-31,2025,10,October,31,4,Friday,0,0
1036,2025-11-01,2025,11,November,1,4,Saturday,1,0
1037,2025-11-02,2025,11,November,2,4,Sunday,1,0
1038,2025-11-03,2025,11,November,3,4,Monday,0,0
1039,2025-11-04,2025,11,November,4,4,Tuesday,0,0
1040,2025-11-05,2025,11,November,5,4,Wednesday,0,0
1041,2025-11-06,2025,11,November,6,4,Thursday,0,0
1042,2025-11-07,2025,11,November,7,4,Friday,0,0
1043,2025-11-08,2025,11,November,8,4,Saturday,1,0
1044,2025-11-09,2025,11,November,9,4,Sunday,1,0
1045,2025-11-10,2025,11,November,10,4,Monday,0,0
1046,2025-11-11,2025,11,November,11,4,Tuesday,0,0
1047,2025-11-12,2025,11,November,12,4,Wednesday,0,0
1048,2025-11-13,2025,11,November,13,4,Thursday,0,0
1049,2025-11-14,2025,11,November,14,4,Friday,0,0
1050,2025-11-15,2025,11,November,15,4,Saturday,1,0
1051,2025-11-16,2025,11,November,16,4,Sunday,1,0
1052,2025-11-17,2025,11,November,17,4,Monday,0,0
1053,2025-11-18,2025,11,November,18,4,Tuesday,0,0
1054,2025-11-19,2025,11,November,19,4,Wednesday,0,0
1055,2025-11-20,2025,11,November,20,4,Thursday,0,0
1056,2025-11-21,2025,11,November,21,4,Friday,0,0
1057,2025-11-22,2025,11,November,22,4,Saturday,1,0
1058,2025-11-23,2025,11,November,23,4,Sunday,1,0
1059,2025-11-24,2025,11,November,24,4,Monday,0,0
1060,2025-11-25,2025,11,November,25,4,Tuesday,0,0
1061,2025-11-26,2025,11,November,26,4,Wednesday,0,0
1062,2025-11-27,2025,11,November,27,4,Thursday,0,0
1063,2025-11-28,2025,11,November,28,4,Friday,0,0
1064,2025-11-29,2025,11,November,29,4,Saturday,1,0
1065,2025-11-30,2025,11,November,30,4,Sunday,1,0
1066,2025-12-01,2025,12,December,1,4,Monday,0,0
1067,2025-12-02,2025,12,December,2,4,Tuesday,0,0
1068,2025-12-03,2025,12,December,3,4,Wednesday,0,0
1069,2025-12-04,2025,12,December,4,4,Thursday,0,0
1070,2025-12-05,2025,12,December,5,4,Friday,0,0
1071,2025-12-06,2025,12,December,6,4,Saturday,1,0
1072,2025-12-07,2025,12,December,7,4,Sunday,1,0
1073,2025-12-08,2025,12,December,8,4,Monday,0,0
1074,2025-12-09,2025,12,December,9,4,Tuesday,0,0
1075,2025-12-10,2025,12,December,10,4,Wednesday,0,0
1076,2025-12-11,2025,12,December,11,4,Thursday,0,0
1077,2025-12-12,2025,12,December,12,4,Friday,0,0
1078,2025-12-13,2025,12,December,13,4,Saturday,1,0
1079,2025-12-14,2025,12,December,14,4,Sunday,1,0
1080,2025-12-15,2025,12,December,15,4,Monday,0,0
1081,2025-12-16,2025,12,December,16,4,Tuesday,0,0
1082,2025-12-17,2025,12,December,17,4,Wednesday,0,0
1083,2025-12-18,2025,12,December,18,4,Thursday,0,0
1084,2025-12-19,2025,12,December,19,4,Friday,0,0
1085,2025-12-20,2025,12,December,20,4,Saturday,1,0
1086,2025-12-21,2025,12,December,21,4,Sunday,1,0
1087,2025-12-22,2025,12,December,22,4,Monday,0,0
1088,2025-12-23,2025,12,December,23,4,Tuesday,0,0
1089,2025-12-24,2025,12,December,24,4,Wednesday,0,0
1090,2025-12-25,2025,12,December,25,4,Thursday,0,0
1091,2025-12-26,2025,12,December,26,4,Friday,0,0
1092,2025-12-27,2025,12,December,27,4,Saturday,1,0
1093,2025-12-28,2025,12,December,28,4,Sunday,1,0
1094,2025-12-29,2025,12,December,29,4,Monday,0,0
1095,2025-12-30,2025,12,December,30,4,Tuesday,0,0
1096,2025-12-31,2025,12,December,31,4,Wednesday,0,0
1097,2026-01-01,2026,1,January,1,1,Thursday,0,0
1098,2026-01-02,2026,1,January,2,1,Friday,0,0
1099,2026-01-03,2026,1,January,3,1,Saturday,1,0
1100,2026-01-04,2026,1,January,4,1,Sunday,1,0
1101,2026-01-05,2026,1,January,5,1,Monday,0,0
1102,2026-01-06,2026,1,January,6,1,Tuesday,0,0
1103,2026-01-07,2026,1,January,7,1,Wednesday,0,0
1104,2026-01-08,2026,1,January,8,1,Thursday,0,0
1105,2026-01-09,2026,1,January,9,1,Friday,0,0
1106,2026-01-10,2026,1,January,10,1,Saturday,1,0
1107,2026-01-11,2026,1,January,11,1,Sunday,1,0
1108,2026-01-12,2026,1,January,12,1,Monday,0,0
1109,2026-01-13,2026,1,January,13,1,Tuesday,0,0
1110,2026-01-14,2026,1,January,14,1,Wednesday,0,0
1111,2026-01-15,2026,1,January,15,1,Thursday,0,0
1112,2026-01-16,2026,1,January,16,1,Friday,0,0
1113,2026-01-17,2026,1,January,17,1,Saturday,1,0
1114,2026-01-18,2026,1,January,18,1,Sunday,1,0
1115,2026-01-19,2026,1,January,19,1,Monday,0,0
1116,2026-01-20,2026,1,January,20,1,Tuesday,0,0
1117,2026-01-21,2026,1,January,21,1,Wednesday,0,0
1118,2026-01-22,2026,1,January,22,1,Thursday,0,0
1119,2026-01-23,2026,1,January,23,1,Friday,0,0
1120,2026-01-24,2026,1,January,24,1,Saturday,1,0
1121,2026-01-25,2026,1,January,25,1,Sunday,1,0
1122,2026-01-26,2026,1,January,26,1,Monday,0,0
1123,2026-01-27,2026,1,January,27,1,Tuesday,0,0
1124,2026-01-28,2026,1,January,28,1,Wednesday,0,0
1125,2026-01-29,2026,1,January,29,1,Thursday,0,0
1126,2026-01-30,2026,1,January,30,1,Friday,0,0
1127,2026-01-31,2026,1,January,31,1,Saturday,1,0
1128,2026-02-01,2026,2,February,1,1,Sunday,1,0
1129,2026-02-02,2026,2,February,2,1,Monday,0,0
1130,2026-02-03,2026,2,February,3,1,Tuesday,0,0
1131,2026-02-04,2026,2,February,4,1,Wednesday,0,0
1132,2026-02-05,2026,2,February,5,1,Thursday,0,0
1133,2026-02-06,2026,2,February,6,1,Friday,0,0
1134,2026-02-07,2026,2,February,7,1,Saturday,1,0
1135,2026-02-08,2026,2,February,8,1,Sunday,1,0
1136,2026-02-09,2026,2,February,9,1,Monday,0,0
1137,2026-02-10,2026,2,February,10,1,Tuesday,0,0
1138,2026-02-11,2026,2,February,11,1,Wednesday,0,0
1139,2026-02-12,2026,2,February,12,1,Thursday,0,0
1140,2026-02-13,2026,2,February,13,1,Friday,0,0
1141,2026-02-14,2026,2,February,14,1,Saturday,1,0
1142,2026-02-15,2026,2,February,15,1,Sunday,1,0
1143,2026-02-16,2026,2,February,16,1,Monday,0,0
1144,2026-02-17,2026,2,February,17,1,Tuesday,0,0
1145,2026-02-18,2026,2,February,18,1,Wednesday,0,0
1146,2026-02-19,2026,2,February,19,1,Thursday,0,0
1147,2026-02-20,2026,2,February,20,1,Friday,0,0
1148,2026-02-21,2026,2,February,21,1,Saturday,1,0
1149,2026-02-22,2026,2,February,22,1,Sunday,1,0
1150,2026-02-23,2026,2,February,23,1,Monday,0,0
1151,2026-02-24,2026,2,February,24,1,Tuesday,0,0
1152,2026-02-25,2026,2,February,25,1,Wednesday,0,0
1153,2026-02-26,2026,2,February,26,1,Thursday,0,0
1154,2026-02-27,2026,2,February,27,1,Friday,0,0
1155,2026-02-28,2026,2,February,28,1,Saturday,1,0
1156,2026-03-01,2026,3,March,1,1,Sunday,1,0
1157,2026-03-02,2026,3,March,2,1,Monday,0,0
1158,2026-03-03,2026,3,March,3,1,Tuesday,0,0
1159,2026-03-04,2026,3,March,4,1,Wednesday,0,0
1160,2026-03-05,2026,3,March,5,1,Thursday,0,0
1161,2026-03-06,2026,3,March,6,1,Friday,0,0
1162,2026-03-07,2026,3,March,7,1,Saturday,1,0
1163,2026-03-08,2026,3,March,8,1,Sunday,1,0
1164,2026-03-09,2026,3,March,9,1,Monday,0,0
1165,2026-03-10,2026,3,March,10,1,Tuesday,0,0
1166,2026-03-11,2026,3,March,11,1,Wednesday,0,0
1167,2026-03-12,2026,3,March,12,1,Thursday,0,0
1168,2026-03-13,2026,3,March,13,1,Friday,0,0
1169,2026-03-14,2026,3,March,14,1,Saturday,1,0
1170,2026-03-15,2026,3,March,15,1,Sunday,1,0
1171,2026-03-16,2026,3,March,16,1,Monday,0,0
1172,2026-03-17,2026,3,March,17,1,Tuesday,0,0
1173,2026-03-18,2026,3,March,18,1,Wednesday,0,0
1174,2026-03-19,2026,3,March,19,1,Thursday,0,0
1175,2026-03-20,2026,3,March,20,1,Friday,0,0
1176,2026-03-21,2026,3,March,21,1,Saturday,1,0
1177,2026-03-22,2026,3,March,22,1,Sunday,1,0
1178,2026-03-23,2026,3,March,23,1,Monday,0,0
1179,2026-03-24,2026,3,March,24,1,Tuesday,0,0
1180,2026-03-25,2026,3,March,25,1,Wednesday,0,0
1181,2026-03-26,2026,3,March,26,1,Thursday,0,0
1182,2026-03-27,2026,3,March,27,1,Friday,0,0
1183,2026-03-28,2026,3,March,28,1,Saturday,1,0
1184,2026-03-29,2026,3,March,29,1,Sunday,1,0
1185,2026-03-30,2026,3,March,30,1,Monday,0,0
1186,2026-03-31,2026,3,March,31,1,Tuesday,0,0
1187,2026-04-01,2026,4,April,1,2,Wednesday,0,0
1188,2026-04-02,2026,4,April,2,2,Thursday,0,0
1189,2026-04-03,2026,4,April,3,2,Friday,0,0
1190,2026-04-04,2026,4,April,4,2,Saturday,1,0
1191,2026-04-05,2026,4,April,5,2,Sunday,1,0
1192,2026-04-06,2026,4,April,6,2,Monday,0,0
1193,2026-04-07,2026,4,April,7,2,Tuesday,0,0
1194,2026-04-08,2026,4,April,8,2,Wednesday,0,0
1195,2026-04-09,2026,4,April,9,2,Thursday,0,0
1196,2026-04-10,2026,4,April,10,2,Friday,0,0
1197,2026-04-11,2026,4,April,11,2,Saturday,1,0
1198,2026-04-12,2026,4,April,12,2,Sunday,1,0
1199,2026-04-13,2026,4,April,13,2,Monday,0,0
1200,2026-04-14,2026,4,April,14,2,Tuesday,0,0
1201,2026-04-15,2026,4,April,15,2,Wednesday,0,0
1202,2026-04-16,2026,4,April,16,2,Thursday,0,0
1203,2026-04-17,2026,4,April,17,2,Friday,0,0
1204,2026-04-18,2026,4,April,18,2,Saturday,1,0
1205,2026-04-19,2026,4,April,19,2,Sunday,1,0
1206,2026-04-20,2026,4,April,20,2,Monday,0,0
1207,2026-04-21,2026,4,April,21,2,Tuesday,0,0
1208,2026-04-22,2026,4,April,22,2,Wednesday,0,0
1209,2026-04-23,2026,4,April,23,2,Thursday,0,0
1210,2026-04-24,2026,4,April,24,2,Friday,0,0
1211,2026-04-25,2026,4,April,25,2,Saturday,1,0
1212,2026-04-26,2026,4,April,26,2,Sunday,1,0
1213,2026-04-27,2026,4,April,27,2,Monday,0,0
1214,2026-04-28,2026,4,April,28,2,Tuesday,0,0
1215,2026-04-29,2026,4,April,29,2,Wednesday,0,0
1216,2026-04-30,2026,4,April,30,2,Thursday,0,0
1217,2026-05-01,2026,5,May,1,2,Friday,0,0
1218,2026-05-02,2026,5,May,2,2,Saturday,1,0
1219,2026-05-03,2026,5,May,3,2,Sunday,1,0
1220,2026-05-04,2026,5,May,4,2,Monday,0,0
1221,2026-05-05,2026,5,May,5,2,Tuesday,0,0
1222,2026-05-06,2026,5,May,6,2,Wednesday,0,0
1223,2026-05-07,2026,5,May,7,2,Thursday,0,0
1224,2026-05-08,2026,5,May,8,2,Friday,0,0
1225,2026-05-09,2026,5,May,9,2,Saturday,1,0
1226,2026-05-10,2026,5,May,10,2,Sunday,1,0
1227,2026-05-11,2026,5,May,11,2,Monday,0,0
1228,2026-05-12,2026,5,May,12,2,Tuesday,0,0
1229,2026-05-13,2026,5,May,13,2,Wednesday,0,0
1230,2026-05-14,2026,5,May,14,2,Thursday,0,0
1231,2026-05-15,2026,5,May,15,2,Friday,0,0
1232,2026-05-16,2026,5,May,16,2,Saturday,1,0
1233,2026-05-17,2026,5,May,17,2,Sunday,1,0
1234,2026-05-18,2026,5,May,18,2,Monday,0,0
1235,2026-05-19,2026,5,May,19,2,Tuesday,0,0
1236,2026-05-20,2026,5,May,20,2,Wednesday,0,0
1237,2026-05-21,2026,5,May,21,2,Thursday,0,0
1238,2026-05-22,2026,5,May,22,2,Friday,0,0
1239,2026-05-23,2026,5,May,23,2,Saturday,1,0
1240,2026-05-24,2026,5,May,24,2,Sunday,1,0
1241,2026-05-25,2026,5,May,25,2,Monday,0,0
1242,2026-05-26,2026,5,May,26,2,Tuesday,0,0
1243,2026-05-27,2026,5,May,27,2,Wednesday,0,0
1244,2026-05-28,2026,5,May,28,2,Thursday,0,0
1245,2026-05-29,2026,5,May,29,2,Friday,0,0
1246,2026-05-30,2026,5,May,30,2,Saturday,1,0
1247,2026-05-31,2026,5,May,31,2,Sunday,1,0
1248,2026-06-01,2026,6,June,1,2,Monday,0,0
1249,2026-06-02,2026,6,June,2,2,Tuesday,0,0
1250,2026-06-03,2026,6,June,3,2,Wednesday,0,0
1251,2026-06-04,2026,6,June,4,2,Thursday,0,0
1252,2026-06-05,2026,6,June,5,2,Friday,0,0
1253,2026-06-06,2026,6,June,6,2,Saturday,1,0
1254,2026-06-07,2026,6,June,7,2,Sunday,1,0
1255,2026-06-08,2026,6,June,8,2,Monday,0,0
1256,2026-06-09,2026,6,June,9,2,Tuesday,0,0
1257,2026-06-10,2026,6,June,10,2,Wednesday,0,0
1258,2026-06-11,2026,6,June,11,2,Thursday,0,0
1259,2026-06-12,2026,6,June,12,2,Friday,0,0
1260,2026-06-13,2026,6,June,13,2,Saturday,1,0
1261,2026-06-14,2026,6,June,14,2,Sunday,1,0
1262,2026-06-15,2026,6,June,15,2,Monday,0,0
1263,2026-06-16,2026,6,June,16,2,Tuesday,0,0
1264,2026-06-17,2026,6,June,17,2,Wednesday,0,0
1265,2026-06-18,2026,6,June,18,2,Thursday,0,0
1266,2026-06-19,2026,6,June,19,2,Friday,0,0
1267,2026-06-20,2026,6,June,20,2,Saturday,1,0
1268,2026-06-21,2026,6,June,21,2,Sunday,1,0
1269,2026-06-22,2026,6,June,22,2,Monday,0,0
1270,2026-06-23,2026,6,June,23,2,Tuesday,0,0
1271,2026-06-24,2026,6,June,24,2,Wednesday,0,0
1272,2026-06-25,2026,6,June,25,2,Thursday,0,0
1273,2026-06-26,2026,6,June,26,2,Friday,0,0
1274,2026-06-27,2026,6,June,27,2,Saturday,1,0
1275,2026-06-28,2026,6,June,28,2,Sunday,1,0
1276,2026-06-29,2026,6,June,29,2,Monday,0,0
1277,2026-06-30,2026,6,June,30,2,Tuesday,0,0
1278,2026-07-01,2026,7,July,1,3,Wednesday,0,0
1279,2026-07-02,2026,7,July,2,3,Thursday,0,0
1280,2026-07-03,2026,7,July,3,3,Friday,0,0
1281,2026-07-04,2026,7,July,4,3,Saturday,1,0
1282,2026-07-05,2026,7,July,5,3,Sunday,1,0
1283,2026-07-06,2026,7,July,6,3,Monday,0,0
1284,2026-07-07,2026,7,July,7,3,Tuesday,0,0
1285,2026-07-08,2026,7,July,8,3,Wednesday,0,0
1286,2026-07-09,2026,7,July,9,3,Thursday,0,0
1287,2026-07-10,2026,7,July,10,3,Friday,0,0
1288,2026-07-11,2026,7,July,11,3,Saturday,1,0
1289,2026-07-12,2026,7,July,12,3,Sunday,1,0
1290,2026-07-13,2026,7,July,13,3,Monday,0,0
1291,2026-07-14,2026,7,July,14,3,Tuesday,0,0
1292,2026-07-15,2026,7,July,15,3,Wednesday,0,0
1293,2026-07-16,2026,7,July,16,3,Thursday,0,0
1294,2026-07-17,2026,7,July,17,3,Friday,0,0
1295,2026-07-18,2026,7,July,18,3,Saturday,1,0
1296,2026-07-19,2026,7,July,19,3,Sunday,1,0
1297,2026-07-20,2026,7,July,20,3,Monday,0,0
1298,2026-07-21,2026,7,July,21,3,Tuesday,0,0
1299,2026-07-22,2026,7,July,22,3,Wednesday,0,0
1300,2026-07-23,2026,7,July,23,3,Thursday,0,0
1301,2026-07-24,2026,7,July,24,3,Friday,0,0
1302,2026-07-25,2026,7,July,25,3,Saturday,1,0
1303,2026-07-26,2026,7,July,26,3,Sunday,1,0
1304,2026-07-27,2026,7,July,27,3,Monday,0,0
1305,2026-07-28,2026,7,July,28,3,Tuesday,0,0
1306,2026-07-29,2026,7,July,29,3,Wednesday,0,0
1307,2026-07-30,2026,7,July,30,3,Thursday,0,0
1308,2026-07-31,2026,7,July,31,3,Friday,0,0
1309,2026-08-01,2026,8,August,1,3,Saturday,1,0
1310,2026-08-02,2026,8,August,2,3,Sunday,1,0
1311,2026-08-03,2026,8,August,3,3,Monday,0,0
1312,2026-08-04,2026,8,August,4,3,Tuesday,0,0
1313,2026-08-05,2026,8,August,5,3,Wednesday,0,0
1314,2026-08-06,2026,8,August,6,3,Thursday,0,0
1315,2026-08-07,2026,8,August,7,3,Friday,0,0
1316,2026-08-08,2026,8,August,8,3,Saturday,1,0
1317,2026-08-09,2026,8,August,9,3,Sunday,1,0
1318,2026-08-10,2026,8,August,10,3,Monday,0,0
1319,2026-08-11,2026,8,August,11,3,Tuesday,0,0
1320,2026-08-12,2026,8,August,12,3,Wednesday,0,0
1321,2026-08-13,2026,8,August,13,3,Thursday,0,0
1322,2026-08-14,2026,8,August,14,3,Friday,0,0
1323,2026-08-15,2026,8,August,15,3,Saturday,1,0
1324,2026-08-16,2026,8,August,16,3,Sunday,1,0
1325,2026-08-17,2026,8,August,17,3,Monday,0,0
1326,2026-08-18,2026,8,August,18,3,Tuesday,0,0
1327,2026-08-19,2026,8,August,19,3,Wednesday,0,0
1328,2026-08-20,2026,8,August,20,3,Thursday,0,0
1329,2026-08-21,2026,8,August,21,3,Friday,0,0
1330,2026-08-22,2026,8,August,22,3,Saturday,1,0
1331,2026-08-23,2026,8,August,23,3,Sunday,1,0
1332,2026-08-24,2026,8,August,24,3,Monday,0,0
1333,2026-08-25,2026,8,August,25,3,Tuesday,0,0
1334,2026-08-26,2026,8,August,26,3,Wednesday,0,0
1335,2026-08-27,2026,8,August,27,3,Thursday,0,0
1336,2026-08-28,2026,8,August,28,3,Friday,0,0
1337,2026-08-29,2026,8,August,29,3,Saturday,1,0
1338,2026-08-30,2026,8,August,30,3,Sunday,1,0
1339,2026-08-31,2026,8,August,31,3,Monday,0,0
